city_name_yicai,yicai_tier,yicai_tier_label,yicai_tier_rank,within_tier_order,yicai_overall_order
北京市,first_tier,一线城市,1,1,1
上海市,first_tier,一线城市,1,2,2
广州市,first_tier,一线城市,1,3,3
深圳市,first_tier,一线城市,1,4,4
成都市,new_first_tier,新一线城市,2,1,5
杭州市,new_first_tier,新一线城市,2,2,6
武汉市,new_first_tier,新一线城市,2,3,7
重庆市,new_first_tier,新一线城市,2,4,8
南京市,new_first_tier,新一线城市,2,5,9
天津市,new_first_tier,新一线城市,2,6,10
苏州市,new_first_tier,新一线城市,2,7,11
西安市,new_first_tier,新一线城市,2,8,12
长沙市,new_first_tier,新一线城市,2,9,13
沈阳市,new_first_tier,新一线城市,2,10,14
青岛市,new_first_tier,新一线城市,2,11,15
郑州市,new_first_tier,新一线城市,2,12,16
大连市,new_first_tier,新一线城市,2,13,17
东莞市,new_first_tier,新一线城市,2,14,18
宁波市,new_first_tier,新一线城市,2,15,19
厦门市,second_tier,二线城市,3,1,20
福州市,second_tier,二线城市,3,2,21
无锡市,second_tier,二线城市,3,3,22
合肥市,second_tier,二线城市,3,4,23
昆明市,second_tier,二线城市,3,5,24
哈尔滨市,second_tier,二线城市,3,6,25
济南市,second_tier,二线城市,3,7,26
佛山市,second_tier,二线城市,3,8,27
长春市,second_tier,二线城市,3,9,28
温州市,second_tier,二线城市,3,10,29
石家庄市,second_tier,二线城市,3,11,30
南宁市,second_tier,二线城市,3,12,31
常州市,second_tier,二线城市,3,13,32
泉州市,second_tier,二线城市,3,14,33
南昌市,second_tier,二线城市,3,15,34
贵阳市,second_tier,二线城市,3,16,35
太原市,second_tier,二线城市,3,17,36
烟台市,second_tier,二线城市,3,18,37
嘉兴市,second_tier,二线城市,3,19,38
南通市,second_tier,二线城市,3,20,39
金华市,second_tier,二线城市,3,21,40
珠海市,second_tier,二线城市,3,22,41
惠州市,second_tier,二线城市,3,23,42
徐州市,second_tier,二线城市,3,24,43
海口市,second_tier,二线城市,3,25,44
乌鲁木齐市,second_tier,二线城市,3,26,45
绍兴市,second_tier,二线城市,3,27,46
中山市,second_tier,二线城市,3,28,47
台州市,second_tier,二线城市,3,29,48
兰州市,second_tier,二线城市,3,30,49
潍坊市,third_tier,三线城市,4,1,50
保定市,third_tier,三线城市,4,2,51
镇江市,third_tier,三线城市,4,3,52
扬州市,third_tier,三线城市,4,4,53
桂林市,third_tier,三线城市,4,5,54
唐山市,third_tier,三线城市,4,6,55
三亚市,third_tier,三线城市,4,7,56
湖州市,third_tier,三线城市,4,8,57
呼和浩特市,third_tier,三线城市,4,9,58
廊坊市,third_tier,三线城市,4,10,59
洛阳市,third_tier,三线城市,4,11,60
威海市,third_tier,三线城市,4,12,61
盐城市,third_tier,三线城市,4,13,62
临沂市,third_tier,三线城市,4,14,63
江门市,third_tier,三线城市,4,15,64
汕头市,third_tier,三线城市,4,16,65
泰州市,third_tier,三线城市,4,17,66
漳州市,third_tier,三线城市,4,18,67
邯郸市,third_tier,三线城市,4,19,68
济宁市,third_tier,三线城市,4,20,69
芜湖市,third_tier,三线城市,4,21,70
淄博市,third_tier,三线城市,4,22,71
银川市,third_tier,三线城市,4,23,72
柳州市,third_tier,三线城市,4,24,73
绵阳市,third_tier,三线城市,4,25,74
湛江市,third_tier,三线城市,4,26,75
鞍山市,third_tier,三线城市,4,27,76
赣州市,third_tier,三线城市,4,28,77
大庆市,third_tier,三线城市,4,29,78
宜昌市,third_tier,三线城市,4,30,79
包头市,third_tier,三线城市,4,31,80
咸阳市,third_tier,三线城市,4,32,81
秦皇岛市,third_tier,三线城市,4,33,82
株洲市,third_tier,三线城市,4,34,83
莆田市,third_tier,三线城市,4,35,84
吉林市,third_tier,三线城市,4,36,85
淮安市,third_tier,三线城市,4,37,86
肇庆市,third_tier,三线城市,4,38,87
宁德市,third_tier,三线城市,4,39,88
衡阳市,third_tier,三线城市,4,40,89
南平市,third_tier,三线城市,4,41,90
连云港市,third_tier,三线城市,4,42,91
丹东市,third_tier,三线城市,4,43,92
丽江市,third_tier,三线城市,4,44,93
揭阳市,third_tier,三线城市,4,45,94
延边朝鲜族自治州,third_tier,三线城市,4,46,95
舟山市,third_tier,三线城市,4,47,96
九江市,third_tier,三线城市,4,48,97
龙岩市,third_tier,三线城市,4,49,98
沧州市,third_tier,三线城市,4,50,99
抚顺市,third_tier,三线城市,4,51,100
襄阳市,third_tier,三线城市,4,52,101
上饶市,third_tier,三线城市,4,53,102
营口市,third_tier,三线城市,4,54,103
三明市,third_tier,三线城市,4,55,104
蚌埠市,third_tier,三线城市,4,56,105
丽水市,third_tier,三线城市,4,57,106
岳阳市,third_tier,三线城市,4,58,107
清远市,third_tier,三线城市,4,59,108
荆州市,third_tier,三线城市,4,60,109
泰安市,third_tier,三线城市,4,61,110
衢州市,third_tier,三线城市,4,62,111
盘锦市,third_tier,三线城市,4,63,112
东营市,third_tier,三线城市,4,64,113
南阳市,third_tier,三线城市,4,65,114
马鞍山市,third_tier,三线城市,4,66,115
南充市,third_tier,三线城市,4,67,116
西宁市,third_tier,三线城市,4,68,117
孝感市,third_tier,三线城市,4,69,118
齐齐哈尔市,third_tier,三线城市,4,70,119
乐山市,fourth_tier,四线城市,5,1,120
湘潭市,fourth_tier,四线城市,5,2,121
遵义市,fourth_tier,四线城市,5,3,122
宿迁市,fourth_tier,四线城市,5,4,123
新乡市,fourth_tier,四线城市,5,5,124
信阳市,fourth_tier,四线城市,5,6,125
滁州市,fourth_tier,四线城市,5,7,126
锦州市,fourth_tier,四线城市,5,8,127
潮州市,fourth_tier,四线城市,5,9,128
黄冈市,fourth_tier,四线城市,5,10,129
开封市,fourth_tier,四线城市,5,11,130
德阳市,fourth_tier,四线城市,5,12,131
德州市,fourth_tier,四线城市,5,13,132
梅州市,fourth_tier,四线城市,5,14,133
鄂尔多斯市,fourth_tier,四线城市,5,15,134
邢台市,fourth_tier,四线城市,5,16,135
茂名市,fourth_tier,四线城市,5,17,136
大理白族自治州,fourth_tier,四线城市,5,18,137
韶关市,fourth_tier,四线城市,5,19,138
商丘市,fourth_tier,四线城市,5,20,139
安庆市,fourth_tier,四线城市,5,21,140
黄石市,fourth_tier,四线城市,5,22,141
六安市,fourth_tier,四线城市,5,23,142
玉林市,fourth_tier,四线城市,5,24,143
宜春市,fourth_tier,四线城市,5,25,144
北海市,fourth_tier,四线城市,5,26,145
牡丹江市,fourth_tier,四线城市,5,27,146
张家口市,fourth_tier,四线城市,5,28,147
梧州市,fourth_tier,四线城市,5,29,148
日照市,fourth_tier,四线城市,5,30,149
咸宁市,fourth_tier,四线城市,5,31,150
常德市,fourth_tier,四线城市,5,32,151
佳木斯市,fourth_tier,四线城市,5,33,152
红河哈尼族彝族自治州,fourth_tier,四线城市,5,34,153
黔东南苗族侗族自治州,fourth_tier,四线城市,5,35,154
阳江市,fourth_tier,四线城市,5,36,155
晋中市,fourth_tier,四线城市,5,37,156
渭南市,fourth_tier,四线城市,5,38,157
呼伦贝尔市,fourth_tier,四线城市,5,39,158
恩施土家族苗族自治州,fourth_tier,四线城市,5,40,159
河源市,fourth_tier,四线城市,5,41,160
郴州市,fourth_tier,四线城市,5,42,161
阜阳市,fourth_tier,四线城市,5,43,162
聊城市,fourth_tier,四线城市,5,44,163
大同市,fourth_tier,四线城市,5,45,164
宝鸡市,fourth_tier,四线城市,5,46,165
许昌市,fourth_tier,四线城市,5,47,166
赤峰市,fourth_tier,四线城市,5,48,167
运城市,fourth_tier,四线城市,5,49,168
安阳市,fourth_tier,四线城市,5,50,169
临汾市,fourth_tier,四线城市,5,51,170
宣城市,fourth_tier,四线城市,5,52,171
曲靖市,fourth_tier,四线城市,5,53,172
西双版纳傣族自治州,fourth_tier,四线城市,5,54,173
邵阳市,fourth_tier,四线城市,5,55,174
葫芦岛市,fourth_tier,四线城市,5,56,175
平顶山市,fourth_tier,四线城市,5,57,176
辽阳市,fourth_tier,四线城市,5,58,177
菏泽市,fourth_tier,四线城市,5,59,178
本溪市,fourth_tier,四线城市,5,60,179
驻马店市,fourth_tier,四线城市,5,61,180
汕尾市,fourth_tier,四线城市,5,62,181
焦作市,fourth_tier,四线城市,5,63,182
黄山市,fourth_tier,四线城市,5,64,183
怀化市,fourth_tier,四线城市,5,65,184
四平市,fourth_tier,四线城市,5,66,185
榆林市,fourth_tier,四线城市,5,67,186
十堰市,fourth_tier,四线城市,5,68,187
宜宾市,fourth_tier,四线城市,5,69,188
滨州市,fourth_tier,四线城市,5,70,189
抚州市,fourth_tier,四线城市,5,71,190
淮南市,fourth_tier,四线城市,5,72,191
周口市,fourth_tier,四线城市,5,73,192
黔南布依族苗族自治州,fourth_tier,四线城市,5,74,193
泸州市,fourth_tier,四线城市,5,75,194
玉溪市,fourth_tier,四线城市,5,76,195
眉山市,fourth_tier,四线城市,5,77,196
通化市,fourth_tier,四线城市,5,78,197
宿州市,fourth_tier,四线城市,5,79,198
枣庄市,fourth_tier,四线城市,5,80,199
内江市,fourth_tier,四线城市,5,81,200
遂宁市,fourth_tier,四线城市,5,82,201
吉安市,fourth_tier,四线城市,5,83,202
通辽市,fourth_tier,四线城市,5,84,203
景德镇市,fourth_tier,四线城市,5,85,204
阜新市,fourth_tier,四线城市,5,86,205
雅安市,fourth_tier,四线城市,5,87,206
铁岭市,fourth_tier,四线城市,5,88,207
承德市,fourth_tier,四线城市,5,89,208
娄底市,fourth_tier,四线城市,5,90,209
克拉玛依市,fifth_tier,五线城市,6,1,210
长治市,fifth_tier,五线城市,6,2,211
永州市,fifth_tier,五线城市,6,3,212
绥化市,fifth_tier,五线城市,6,4,213
巴音郭楞蒙古自治州,fifth_tier,五线城市,6,5,214
拉萨市,fifth_tier,五线城市,6,6,215
云浮市,fifth_tier,五线城市,6,7,216
益阳市,fifth_tier,五线城市,6,8,217
百色市,fifth_tier,五线城市,6,9,218
资阳市,fifth_tier,五线城市,6,10,219
荆门市,fifth_tier,五线城市,6,11,220
松原市,fifth_tier,五线城市,6,12,221
凉山彝族自治州,fifth_tier,五线城市,6,13,222
达州市,fifth_tier,五线城市,6,14,223
伊犁哈萨克自治州,fifth_tier,五线城市,6,15,224
广安市,fifth_tier,五线城市,6,16,225
自贡市,fifth_tier,五线城市,6,17,226
汉中市,fifth_tier,五线城市,6,18,227
朝阳市,fifth_tier,五线城市,6,19,228
漯河市,fifth_tier,五线城市,6,20,229
钦州市,fifth_tier,五线城市,6,21,230
贵港市,fifth_tier,五线城市,6,22,231
安顺市,fifth_tier,五线城市,6,23,232
鄂州市,fifth_tier,五线城市,6,24,233
广元市,fifth_tier,五线城市,6,25,234
河池市,fifth_tier,五线城市,6,26,235
鹰潭市,fifth_tier,五线城市,6,27,236
乌兰察布市,fifth_tier,五线城市,6,28,237
铜陵市,fifth_tier,五线城市,6,29,238
昌吉回族自治州,fifth_tier,五线城市,6,30,239
衡水市,fifth_tier,五线城市,6,31,240
黔西南布依族苗族自治州,fifth_tier,五线城市,6,32,241
濮阳市,fifth_tier,五线城市,6,33,242
锡林郭勒盟,fifth_tier,五线城市,6,34,243
巴彦淖尔市,fifth_tier,五线城市,6,35,244
鸡西市,fifth_tier,五线城市,6,36,245
贺州市,fifth_tier,五线城市,6,37,246
防城港市,fifth_tier,五线城市,6,38,247
兴安盟,fifth_tier,五线城市,6,39,248
白山市,fifth_tier,五线城市,6,40,249
三门峡市,fifth_tier,五线城市,6,41,250
忻州市,fifth_tier,五线城市,6,42,251
双鸭山市,fifth_tier,五线城市,6,43,252
楚雄彝族自治州,fifth_tier,五线城市,6,44,253
新余市,fifth_tier,五线城市,6,45,254
来宾市,fifth_tier,五线城市,6,46,255
淮北市,fifth_tier,五线城市,6,47,256
亳州市,fifth_tier,五线城市,6,48,257
湘西土家族苗族自治州,fifth_tier,五线城市,6,49,258
吕梁市,fifth_tier,五线城市,6,50,259
攀枝花市,fifth_tier,五线城市,6,51,260
晋城市,fifth_tier,五线城市,6,52,261
延安市,fifth_tier,五线城市,6,53,262
毕节市,fifth_tier,五线城市,6,54,263
张家界市,fifth_tier,五线城市,6,55,264
酒泉市,fifth_tier,五线城市,6,56,265
崇左市,fifth_tier,五线城市,6,57,266
萍乡市,fifth_tier,五线城市,6,58,267
乌海市,fifth_tier,五线城市,6,59,268
伊春市,fifth_tier,五线城市,6,60,269
六盘水市,fifth_tier,五线城市,6,61,270
随州市,fifth_tier,五线城市,6,62,271
德宏傣族景颇族自治州,fifth_tier,五线城市,6,63,272
池州市,fifth_tier,五线城市,6,64,273
黑河市,fifth_tier,五线城市,6,65,274
哈密市,fifth_tier,五线城市,6,66,275
文山壮族苗族自治州,fifth_tier,五线城市,6,67,276
阿坝藏族羌族自治州,fifth_tier,五线城市,6,68,277
天水市,fifth_tier,五线城市,6,69,278
辽源市,fifth_tier,五线城市,6,70,279
张掖市,fifth_tier,五线城市,6,71,280
铜仁市,fifth_tier,五线城市,6,72,281
鹤壁市,fifth_tier,五线城市,6,73,282
儋州市,fifth_tier,五线城市,6,74,283
保山市,fifth_tier,五线城市,6,75,284
安康市,fifth_tier,五线城市,6,76,285
白城市,fifth_tier,五线城市,6,77,286
巴中市,fifth_tier,五线城市,6,78,287
普洱市,fifth_tier,五线城市,6,79,288
鹤岗市,fifth_tier,五线城市,6,80,289
莱芜市,fifth_tier,五线城市,6,81,290
阳泉市,fifth_tier,五线城市,6,82,291
甘孜藏族自治州,fifth_tier,五线城市,6,83,292
嘉峪关市,fifth_tier,五线城市,6,84,293
白银市,fifth_tier,五线城市,6,85,294
临沧市,fifth_tier,五线城市,6,86,295
商洛市,fifth_tier,五线城市,6,87,296
阿克苏地区,fifth_tier,五线城市,6,88,297
海西蒙古族藏族自治州,fifth_tier,五线城市,6,89,298
大兴安岭地区,fifth_tier,五线城市,6,90,299
七台河市,fifth_tier,五线城市,6,91,300
朔州市,fifth_tier,五线城市,6,92,301
铜川市,fifth_tier,五线城市,6,93,302
定西市,fifth_tier,五线城市,6,94,303
迪庆藏族自治州,fifth_tier,五线城市,6,95,304
日喀则市,fifth_tier,五线城市,6,96,305
庆阳市,fifth_tier,五线城市,6,97,306
昭通市,fifth_tier,五线城市,6,98,307
喀什地区,fifth_tier,五线城市,6,99,308
怒江傈僳族自治州,fifth_tier,五线城市,6,100,309
海东市,fifth_tier,五线城市,6,101,310
阿勒泰地区,fifth_tier,五线城市,6,102,311
平凉市,fifth_tier,五线城市,6,103,312
石嘴山市,fifth_tier,五线城市,6,104,313
武威市,fifth_tier,五线城市,6,105,314
阿拉善盟,fifth_tier,五线城市,6,106,315
塔城地区,fifth_tier,五线城市,6,107,316
林芝市,fifth_tier,五线城市,6,108,317
金昌市,fifth_tier,五线城市,6,109,318
吴忠市,fifth_tier,五线城市,6,110,319
中卫市,fifth_tier,五线城市,6,111,320
陇南市,fifth_tier,五线城市,6,112,321
山南市,fifth_tier,五线城市,6,113,322
吐鲁番市,fifth_tier,五线城市,6,114,323
博尔塔拉蒙古自治州,fifth_tier,五线城市,6,115,324
临夏回族自治州,fifth_tier,五线城市,6,116,325
固原市,fifth_tier,五线城市,6,117,326
甘南藏族自治州,fifth_tier,五线城市,6,118,327
昌都市,fifth_tier,五线城市,6,119,328
阿里地区,fifth_tier,五线城市,6,120,329
海南藏族自治州,fifth_tier,五线城市,6,121,330
和田地区,fifth_tier,五线城市,6,122,331
克孜勒苏柯尔克孜自治州,fifth_tier,五线城市,6,123,332
海北藏族自治州,fifth_tier,五线城市,6,124,333
那曲地区,fifth_tier,五线城市,6,125,334
玉树藏族自治州,fifth_tier,五线城市,6,126,335
黄南藏族自治州,fifth_tier,五线城市,6,127,336
果洛藏族自治州,fifth_tier,五线城市,6,128,337
三沙市,fifth_tier,五线城市,6,129,338
